cLabel,cDesc,cSize,cGenes,cScorePheno,pValZ,pValZCorr,pValPerm,pValPermCorr
infant_HIP,"infant - hippocampus (hippocampal formation)",22,"ALDH9A1, ANP32B, BGN, CARTPT, CLDN11, CPNE2, DCLK2, DDR1, EPN2, G6PC3, GNG11, ID1, ID4, NRIP3, RHOC, SLC24A3, SOX10, TTR, VAMP5, WASL, WDR13, ZBTB47",0.169382624330203,1.38558309003001e-05,0.00110846647202401,0,0
adult_AMY,"adult - amygdaloid complex",40,"ANLN, ARPP21, ATP2B4, BAIAP3, C2orf80, CASC3, CD74, CFL2, CLDN11, COX7A2L, CPNE6, CPOX, DTNA, EVI2A, GATM, GDAP1, HAX1, IGIP, IL17D, IPO13, ISCU, KCNIP2, KIAA0930, LHPP, MAOB, MAT2A, MXRA7, NDUFB1, NECAB1, NTSR2, PAIP2B, RNF181, SRSF5, SYNDIG1L, TAC1, TOMM34, TTYH2, UGT8, VAMP3, WNK1",0.126265474524316,3.72570550590812e-05,0.00149028220236325,0,0
child_AMY,"child - amygdaloid complex",26,"ALDH9A1, ANP32B, ATP6V0E1, BCL2L1, BOK, CLDN11, EVI2A, ID1, IFIT1, IL17D, LHPP, MRPL24, NDUFB1, NDUFB4, NTSR2, OLIG2, PAIP2B, PSME1, RHOC, SOX10, SPCS1, SURF1, THOC7, TRMT112, TTR, VAMP3",0.152555225217323,0.000257581365098236,0.00643039928788003,0,0
adolescent_HIP,"adolescent - hippocampus (hippocampal formation)",40,"AQP1, ARHGEF4, BAIAP3, BGN, BOK, CABP7, CARTPT, CHPF, CLDN11, CPNE2, CPNE6, CYB5R3, DCLK2, DDR1, DLGAP3, DUSP8, DVL1, EPN2, G6PC3, GPT2, HAPLN2, ICAM5, KCNIP2, KIAA0930, LHPP, NRIP3, NTSR2, PAQR4, PHGDH, PRRT1, SDC4, SLC24A3, SOX10, TMCC2, TOMM34, TTR, TTYH2, UGT8, WDR13, ZBTB47",0.105341017237706,0.000321519964394001,0.00643039928788003,0.001,0.0133333333333333
child_HIP,"child - hippocampus (hippocampal formation)",79,"AKIRIN1, ALDH9A1, ANAPC13, ANLN, ANP32B, AQP1, ARPC2, ASAH1, ATP6V0E1, CAPZA2, CARTPT, CCNY, CDC42SE2, CFL2, CLDN11, COX7A2L, CPOX, DCTN6, DEGS1, EFR3A, EVI2A, FAM162A, FBXL5, FN3KRP, GATM, GLRB, GNAI1, GPR39, HAX1, IDH3A, KIT, MAOB, MGST3, MKKS, MORF4L1, MRPL24, MTX2, NAPG, NDUFB1, NRIP3, PAFAH1B2, PEX11B, PEX19, PPM1E, PRPS1, PSMD10, PSMD4, PTER, RBX1, RFK, RNF13, RPA2, SCCPDH, SDHB, SECISBP2L, SEH1L, SH3GL3, SLC24A3, SLC44A1, SOX10, SPCS1, ST13, SUB1, TCEAL1, THOC7, TMEM126A, TMEM144, TMEM167A, TMEM9B, TTR, TTYH2, UBE2E1, UBE2N, UGT8, UHMK1, VAMP3, VAPA, WASL, ZC3H15",0.0837186564687233,0.000580830310862646,0.00929328497380233,0,0
infant_AMY,"infant - amygdaloid complex",44,"ACTA2, APBA1, ASTN1, ATP2B4, BAIAP3, BGN, CHPF, CPLX3, CPNE2, CPNE6, CTGF, DCLK2, DDR1, DUSP8, EIF4G1, EPN2, F3, FYN, G6PC3, GPC1, GPT2, ICAM5, ID4, IGFBP5, LRIG1, LRP1, MSN, MYH9, NKAIN4, NR2F1, PDGFRA, PITPNM1, SHANK1, SLC1A4, SLC24A3, SLC25A39, SLIT1, SMOC1, SOX10, TNFRSF21, TRIB2, TTR, WDR13, ZBTB47",0.111350776857263,0.00121152050773166,0.0161536067697554,0.001,0.0133333333333333
prenatal_CBC,"prenatal - cerebellar cortex",149,"ABLIM1, ALDH9A1, ANP32B, ARRDC3, ATP1B3, B3GALNT1, B4GALT5, BOD1, BTG1, BZW2, C2orf40, CA8, CALB1, CASC3, CASP3, CBLN1, CBX3, CDK4, CHD4, CNR1, COL1A2, COL4A2, COL6A1, COMMD6, COPZ1, CPNE2, CRKL, CSE1L, CXCR4, CXXC5, CYP26B1, DACH1, DCLK2, DDR1, DEK, DHX9, EBF1, EIF3H, ELN, FBLN1, FLNA, FOLR1, FYN, FZD7, G6PC3, GNAI3, GPR39, GRN, HADHA, HMGB1, HMGB2, HNRNPA1, HNRNPC, HNRNPD, HNRNPF, HP1BP3, HSPD1, ID4, IGFBP2, IGFBP5, IRF2BP2, ISLR2, KHSRP, KIAA0895L, KITLG, KPNA2, LAPTM4B, LCAT, LDB1, LITAF, LMAN2, LPCAT1, LRRN1, LRRN3, MAT2A, MCM7, MDFI, MSN, NACA, NEO1, NES, NETO2, NEUROD1, NFIB, NR2F1, NT5DC2, NUP93, PARM1, PARP1, PCBP4, PCDH17, PCNA, PDIA4, PDIA6, PDRG1, PHC2, PLXNB2, PRDM8, PSIP1, PTPRM, PUF60, QARS, RAMP2, RBBP4, RELN, RGMB, RPL6, SALL2, SEC61B, SEMA6A, SF3B3, SFRP1, SHF, SLC1A6, SLC25A39, SLN, SMOC1, SNRNP200, SNRPA, SNRPB, SOX9, SRSF4, SRSF6, SRSF7, SSTR2, ST13, SURF4, TARDBP, TBC1D14, TMEM98, TNC, TRH, TRIB2, TTR, TUSC3, UBE2E1, UBE2R2, UBTF, VPS25, VPS28, WLS, WNT7B, ZFP36L1, ZIC1, ZIC4, ZNF423, ZNF521, ZNF664, ZYX",0.0637964562378473,0.00217258430206091,0.0208301826849201,0.002,0.02
child_MD,"child - mediodorsal nucleus of thalamus",120,"ACSL3, ADAM23, ADORA1, AKAP12, ALDH4A1, AQP1, ASAH1, ASRGL1, ATP1B3, ATP6V0E1, ATPAF1, BOK, BST2, C12orf10, C2orf72, CAMK2D, CBLN2, CCDC136, CD74, CFL2, CIB1, CIT, CLDN11, COQ9, CPLX3, CPNE7, CPNE9, CRABP1, CREG1, CRH, CSDC2, CSTB, CTNNBIP1, CYB5A, DDR1, DEXI, DLGAP3, EDNRB, ELMO1, FKBP2, FNDC5, G6PC3, GADD45B, GBA2, HADHA, HADHB, HAPLN2, HAX1, HEBP2, HRH3, HSPD1, HYOU1, ID4, IDH3A, IFIT1, INPP5A, IPO13, ISOC2, ITPKB, KCNC2, LHPP, LRIG1, LRRC8A, MAOB, MAP7D2, MAT2A, MGST3, MORF4L1, MRPL24, MTX2, MXRA7, NDUFB1, NME7, NRIP3, NTNG1, NTSR2, PAIP2B, PCBD1, PDZD11, PITPNM1, PPIF, PRELID1, PTPN3, RAB4A, RASD2, RASL10B, RASL12, RGMA, RGS16, RND2, RNF181, SDC4, SDHB, SLC17A6, SLC24A3, SLC25A18, SLC25A39, SLC3A2, SNRNP25, SOX10, SPCS1, STX8, SYNDIG1L, TCF7L2, TMCC2, TMEM126A, TMEM141, TMEM184B, TMEM50B, TMEM9B, TNFRSF21, TRMT112, TRNP1, TUBA8, UROD, UROS, VAMP5, VPS25, WLS, ZDHHC22",0.0751684665239511,0.00224849167244168,0.0208301826849201,0.003,0.02
adult_STR,"adult - striatum",102,"ACTN2, ADCY5, ALAD, ALCAM, ANLN, ANO3, ANP32B, ARPP21, ATP6V0E1, ATP8A1, ATPAF1, BBS2, BGN, BOK, C20orf27, C2orf74, CALB1, CAPN3, CASC3, CCDC47, CD74, CERS2, CFL2, CLDN11, COCH, CORT, CPNE5, CPOX, CRABP1, CTNNA1, CYP46A1, DENND5A, DEXI, EVI2A, FA2H, FAM102A, GAD2, GNAL, GPR88, GPX3, GSN, HADHB, HAPLN2, HAX1, IGIP, IL17D, INF2, INPP5A, IPO13, ISCU, JAM3, KCNAB1, KCNIP2, KIAA0930, LHPP, LITAF, LRPAP1, MAOB, MAPK4, MAT2A, MPPE1, MXRA7, NIPAL3, NPC1, NTSR2, PAIP2B, PDE10A, PDE1B, PENK, PHGDH, PLEKHH1, PMEPA1, PPP1R1A, PPP1R7, PTPN5, RASD2, RGS14, RGS2, RGS9, RHOU, RNF13, SEC14L1, SECISBP2L, SLC31A2, SLC32A1, SLC44A1, SOX10, SRSF5, ST8SIA3, SYNDIG1L, TAC1, TESC, TMEM144, TMEM98, TOMM34, TTYH2, UGT8, VAMP3, WFS1, WNK1, ZDHHC9, ZNF664",0.114457963391525,0.00244691071908476,0.0208301826849201,0.002,0.02
child_OFC,"child - orbital frontal cortex",11,"CCNY, CFL2, CLDN11, ELOVL5, EVI2A, ID1, IFIT1, SERPINE2, SOX10, UGT8, VAMP3",0.15633973104516,0.00283900684813287,0.0208301826849201,0.003,0.02
prenatal_HIP,"prenatal - hippocampus (hippocampal formation)",221,"ACAT2, ADD2, ADNP, AKT3, ALDH9A1, ANP32B, ARL4C, ARMCX1, ARRDC3, ATP1B3, B3GAT2, B4GALT5, BOD1, BTG1, BUB3, BZW2, CASC3, CBX3, CD2BP2, CDK4, CDO1, CDV3, CERS6, CHD4, CKAP5, CKS2, CLIC1, CNPY3, CNR1, COL4A2, COL6A1, COMMD6, COPZ1, CORO1C, CPNE2, CRKL, CSE1L, CSNK1A1, CSNK1D, CTCF, CXADR, CXCR4, DACT1, DCAKD, DCLK2, DDR1, DEK, DHX9, DOK4, DOK5, DTD1, EFNB1, EFNB2, EIF3A, EIF3D, EIF3H, EIF4EBP1, EPRS, FBXO21, FEM1B, FEZF2, FLNA, FN1, FUBP1, FYN, GLOD4, GNAI3, GPC1, GPC2, GPC4, GTF3C6, HADHA, HDLBP, HMGA1, HMGB1, HMGB2, HMGCR, HMGN4, HNRNPA1, HNRNPC, HNRNPD, HNRNPF, HP1BP3, HSPA13, HSPD1, ID4, IDH1, IGFBP2, IGFBP5, IGSF3, ILK, IPO5, IRF2BP2, IRF2BPL, ISLR2, IVNS1ABP, KDELR2, KHSRP, KPNA2, LAPTM4B, LDB1, LMAN2, LMNB2, LPCAT1, LRIG1, LRRC47, LRRN1, LSM2, MARCH6, MCM7, MEX3A, MMADHC, MSI1, MSN, MTA2, MYCN, MYH10, NACA, NAE1, NAP1L1, NARF, NCK2, NEDD4L, NEO1, NES, NETO2, NFIA, NFIB, NR2F1, NT5DC2, NUP93, PAFAH1B2, PAICS, PARP1, PCGF2, PCNA, PDIA4, PDIA6, PHC2, PHGDH, PLS3, POLR2B, PPM1G, PRMT1, PSIP1, PSMD2, PSMD3, PUF60, PUM2, QARS, RALA, RBBP4, RBM4, RBM42, RCOR2, RGMA, RNASEH2A, RNF182, RPL18A, RPL6, RRM1, RSPO3, SALL2, SEC61B, SEPT11, SERBP1, SF3B3, SFRP1, SFRP2, SLC25A1, SLC25A39, SMAP1, SMC3, SMOC1, SNRNP200, SNRPA, SNRPB, SNRPC, SNRPD3, SOX9, SPIRE1, SQLE, SRSF4, SRSF7, SRSF9, SSR2, SSRP1, ST13, ST8SIA2, STIP1, STT3B, SURF4, TAGLN2, TARDBP, TBC1D14, TBCD, TCF3, TCF4, THRAP3, TMEM123, TMEM98, TNC, TRIB2, TSPAN18, TTC3, TTR, TYMS, UBE2E1, UBE2N, UBE2R2, UBTD2, UBTF, VANGL2, VASH1, VPS28, VTA1, WLS, XRN2, ZFAND3, ZFP36L1, ZMIZ1",0.0522671667327143,0.00286415011917651,0.0208301826849201,0.006,0.032
adolescent_AMY,"adolescent - amygdaloid complex",40,"AAMP, ADORA1, APBA1, ATP2B4, BAIAP3, BOK, C16orf58, CCDC47, CLDN11, CPNE5, CPNE6, CYP26B1, DCLK2, DNAJA4, EPN2, FA2H, FAM102A, FN3KRP, G6PC3, IPO13, KCNIP2, KIAA0930, NECAB1, NISCH, NTSR2, PAQR4, PCDH9, PDXK, PENK, POLR2A, SDC4, SLC1A4, SLIT1, SOX10, TMEM184B, TOMM34, TTYH2, UGT8, WDR13, WFS1",0.0806873780438966,0.00320443444378993,0.0213628962919328,0.004,0.0246153846153846
adult_HIP,"adult - hippocampus (hippocampal formation)",28,"ACTA2, AQP1, ATP2B4, BAIAP3, CD74, COX7A2L, CPNE6, EFR3A, GDAP1, HAX1, ICAM5, IGIP, ISCU, KCNIP2, MAOB, NDUFB1, NECAB1, NRIP3, PTER, RNF181, SLC24A3, THOC7, TMCC2, TOMM34, TRMT112, TTR, UGT8, WASL",0.0662205399451092,0.00412744505144402,0.0253996618550401,0.003,0.02
child_STR,"child - striatum",136,"ADCY5, AKR1B1, ALDH4A1, ANO3, ANP32B, AQP1, ARPC2, ARPP21, ASPDH, ATP6V0E1, ATPAF1, AUP1, BGN, BOK, BST2, BUD31, C20orf27, C2orf74, CASC3, CCDC106, CCNY, CD74, CERS2, CFL2, CIB1, CLDN11, COCH, COQ9, CORT, COX7A2L, CPNE5, CPOX, CRABP1, CSTB, CYBA, CYP46A1, DBP, DDIT3, DEXI, DRD2, DTNBP1, DUSP23, EVI2A, FABP6, FAM102A, FAM162A, FKBP2, FOXO4, GAD2, GAMT, GNAL, GNG11, GPR39, GPR88, GPX3, GSTM3, HADHB, HAPLN2, HAX1, HRH3, ID1, IFIT1, IL17D, INPP5A, ISOC2, ITGB1BP1, KCNAB1, KCNIP2, LHPP, LITAF, LRPAP1, MAPK4, MAT2A, MPPE1, MRPL14, MRPL24, MRPL28, MRPL33, MSRB2, MXRA7, NDUFB1, NDUFB4, NTSR2, NUDT16L1, PAIP2B, PDE10A, PDE1B, PENK, PEX19, PMEPA1, PPP1R1A, PPP1R7, PSME1, PTPN5, RANGRF, RASD2, RASL10B, RBP4, RBX1, RGS14, RGS2, RGS9, RHOC, RND2, RNF181, RNF5, RPA2, S100A10, SDC4, SDHB, SEC14L1, SLC25A39, SOX10, SPCS1, STAT1, STX8, SURF1, SYNDIG1L, TAC1, TAGLN2, TESC, THOC7, TMEM54, TOMM34, TPD52L1, TRAK2, TRMT112, TTR, TTYH2, UBE2E1, UGT8, UROD, UROS, VAMP3, VAMP5, ZBTB47",0.0801863238854109,0.00521054354708483,0.0297745345547705,0.005,0.0285714285714286
adolescent_STR,"adolescent - striatum",95,"ACTN2, ADCY5, ADIPOR1, ALCAM, ALDH6A1, ANLN, ANO3, ARPP21, ATP6V0E1, ATP8A1, ATPAF1, BBS2, BCR, C20orf27, CA12, CALB1, CCDC47, CD47, CERS2, CFL2, CLDN11, COCH, CPNE5, CPOX, CRABP1, CTDSP2, CYP46A1, DENND5A, DGKB, DRD1, DRD2, EDNRB, ELMOD1, ELOVL5, EVI2A, F3, FA2H, FAM102A, GAD2, GLG1, GNAL, GPR158, GPR88, GPX3, HADHB, INF2, INPP5A, IPO13, JAKMIP1, JAM3, KCNAB1, KCNIP2, KIAA0368, LGI1, LRPAP1, LRRN1, MAOB, MAPK4, MAT2A, MPPE1, MPRIP, MXRA7, NTSR2, PAM, PDE10A, PDE1B, PENK, PMEPA1, PPP1R1A, PPP1R7, PTPN5, RAPGEF5, RASD2, RGS14, RGS2, RGS9, SDC4, SEC14L1, SECISBP2L, SLC24A2, SLC44A1, SNX27, SORBS1, SOX10, ST8SIA3, SYNDIG1L, TAC1, TESC, TMEM144, TOMM34, TPD52L1, TTYH2, UGT8, VAMP3, WNK1",0.0884364497099801,0.00622457992867176,0.0331977596195827,0.003,0.02
adolescent_MD,"adolescent - mediodorsal nucleus of thalamus",112,"ACHE, ADORA1, AKAP12, ALAD, ALDH4A1, ALKBH5, AP1B1, APBA1, AQP1, ASRGL1, ATP1B3, BOK, C16orf58, C2orf72, CBLN1, CBLN4, CCDC136, CDS2, CHPF, CHRNA2, CHRNB2, CIT, COQ9, CPLX3, CPNE7, CPNE9, CRABP1, CRH, CSDC2, CTIF, CTNNBIP1, DBP, DCAKD, DCLK2, DDR1, DEXI, DIRAS3, DLGAP3, DPP7, EDNRB, EIF4G1, FKBP2, FNDC5, FXR2, G6PC3, GBA2, GPC1, GPR153, HADHB, HAPLN2, HRH3, HYOU1, ID4, INPP5A, IPO13, ITPKB, KCNC2, KIAA0100, LONP1, LRIG1, LRRC8A, MAOB, MAP7D2, MAT2A, MGAT3, NACAD, NACC2, NIPAL3, NISCH, NRIP3, NTNG1, NTSR2, OGDHL, OTUD5, PAM, PDXK, PEPD, PFKFB3, PFKL, PITPNM1, PLBD2, PNPLA6, PPIF, PSMD2, RASD2, RELL2, RGMA, RGS16, RND2, SDC4, SLC17A6, SLC23A2, SLC24A3, SLC25A18, SLC25A39, SLC27A4, SLC29A4, SLC3A2, SYNDIG1L, TCEAL3, TCF7L2, TESK1, TMEM184B, TNFRSF21, TRNP1, TTR, TUBA8, VAMP1, WFS1, WLS, ZBTB47, ZDHHC22",0.0529560084552936,0.0135270478634453,0.0676352393172264,0.011,0.055
infant_MD,"infant - mediodorsal nucleus of thalamus",99,"ACHE, ACSL3, ACSL4, ADAM23, ADORA1, ADRM1, AKAP12, ALDH4A1, ANP32B, ASAH1, ATP1B3, ATP2C1, BOK, C11orf87, CAMK2D, CCDC136, CHPF, CHRNB2, CIT, CPLX3, CPNE4, CPNE6, CPNE7, CPNE9, CRABP1, CREG1, CRH, CRTAC1, CSDC2, CTNNBIP1, DBP, DLGAP3, EDNRB, EIF4G1, ELMO1, FIBP, FKBP2, FNDC5, G6PC3, GBA2, GPC1, GPR153, HADHB, HEBP2, HRH3, HSPD1, ID4, IDH3A, INPP5A, KCNC2, KCND2, KIF3A, KITLG, MAP7D2, MGST3, MYH10, NDUFAF4, NISCH, NRIP3, NTNG1, NTSR2, NUDT16L1, PEX26, PFKL, PITPNM1, PLBD2, PSMD1, PSMD2, PTPN3, R3HCC1, RAB4A, RASL10B, RGMA, RGS16, SDC4, SHANK1, SLC17A6, SLC1A6, SLC23A2, SLC24A3, SLC25A39, SLC27A4, SMAP1, SRPK2, STK32C, SYNDIG1L, TCF7L2, TIMM13, TMCC2, TMEM141, TMEM163, TNFRSF21, TRNP1, TTR, TUBA8, UROS, WLS, ZDHHC22, ZIC1",0.0528250674287354,0.0148039662863412,0.0696657237004291,0.012,0.0564705882352941
child_IPC,"child - posteroventral (inferior) parietal cortex",52,"ACTA2, ACTR10, ALDH4A1, ALDH9A1, ASRGL1, ATP6V0E1, CAPZA2, CCNY, CIB1, COQ9, COX7A2L, CRABP1, ELOVL5, F3, FBXL5, GATM, GNG11, HADHB, HAX1, ID1, IDH3A, IFIT1, IL6ST, MORF4L1, MRPL14, MRPL24, NDUFB1, NDUFB4, PDZD11, PEPD, PEX11B, PEX19, PPP1R3C, PSME1, RBX1, SCCPDH, SDHB, SERPINE2, SLC25A18, SNRNP25, SPCS1, ST13, STAT1, STX8, SURF4, TAGLN, TCEAL1, THOC7, TNFSF12, VAMP3, VAMP5, VAPA",0.0488616940558374,0.0294927291090873,0.127611334842115,0.026,0.115555555555556
child_ITC,"child - inferolateral temporal cortex (area TEv, area 20)",92,"AASDHPPT, ACAA2, ACSBG1, ACTR10, AKIRIN1, ALDH4A1, ALDH9A1, ANAPC13, ANKRD46, ASAH1, ASRGL1, ATP6V0E1, ATPAF1, BST2, C2orf80, CAPZA2, CCNY, CD47, CDC42SE2, COQ9, COX7A2L, CREBL2, DCTN6, DNAJB9, DTNA, EDNRB, EFR3A, EIF1AX, ELOVL5, EPN2, F3, FAM162A, FBXL5, GATM, GPT2, HADHB, HAX1, HSDL2, HSPA13, IDH3A, IFIT1, IGIP, IL6ST, ISCA1, MFGE8, MGST3, MKKS, MORF4L1, MRPL24, MRPS35, NDUFAF4, NDUFB1, NTSR2, PDIA6, PDZD11, PEX11B, PEX19, PPP1R3C, PSMD10, RAB12, RAB4A, RBX1, RFK, SCCPDH, SDHB, SERP1, SERPINE2, SLC25A18, SLC39A10, SPCS1, ST13, STAT1, STX8, SUB1, SURF1, TCEAL1, THOC7, TM9SF3, TMCO1, TMEM126A, TMEM167A, TMEM9B, TNFSF12, TPM3, UBE2B, UBE2E1, UBE2N, USP46, VAPA, VTI1B, WASL, ZFR",0.0474336181175866,0.0303076920250023,0.127611334842115,0.034,0.14
child_M1C,"child - primary motor cortex (area M1, area 4)",82,"ACAA2, ACSBG1, ACTR10, ALDH4A1, ALDH9A1, ASRGL1, ATP6V0E1, AUP1, BGN, BLVRB, CAPZA2, CCNY, CHRDL1, CIB1, COQ9, COX7A2L, CYP51A1, DBP, DEXI, EDNRB, ELOVL5, F3, FAM173A, G6PC3, GATM, GNG11, GPT2, HADHB, HAX1, ID1, IDH3A, IFIT1, IL6ST, ILK, ISOC2, LRP4, MFGE8, MGST3, MLST8, MRPL14, MRPL24, MRPL28, MRPL37, MXRA7, NDUFB1, NDUFB4, NUDT16L1, OAF, PDIA6, PDZD11, PEPD, PEX11B, PEX19, PPP1R3C, PRELID1, PSME1, RBX1, RNF181, SCCPDH, SDHB, SERPINE2, SLC25A18, SLC39A12, SLC3A2, SNRNP25, SPCS1, SSBP4, STAT1, STX8, SURF1, SURF4, TADA3, TFRC, TMEM126A, TMEM141, TMEM9B, TNFSF12, TRMT112, UROD, VAMP3, VAMP5, VPS25",0.0581990744598749,0.0358912852366587,0.143410220534083,0.038,0.144761904761905
adolescent_M1C,"adolescent - primary motor cortex (area M1, area 4)",13,"CLDN11, FA2H, HAPLN2, IPO13, LHPP, PAQR4, SEMA7A, SOX10, TMEM184B, TTYH2, UGT8, VAMP1, VAMP3",0.108318797164851,0.0376451828901968,0.143410220534083,0.035,0.14
adult_MD,"adult - mediodorsal nucleus of thalamus",104,"ACSL3, ADAM23, ADORA1, AKAP12, ALAD, ALKBH5, ANP32B, ASAH1, ATP1B3, ATPAF1, BOK, CACNA1G, CAMK2D, CARTPT, CASC3, CCDC136, CD74, CDS2, CFL2, CHRNA2, CHRNB2, CIT, CPLX3, CPNE7, CPNE9, CRH, CTIF, DENND5A, DEXI, DLGAP3, ELMO1, FKBP2, FNDC5, FXR2, G6PC3, GBA2, GLS, GPR153, HAPLN2, HEBP2, HRH3, HYOU1, IDH3A, IGIP, INPP5A, IPO13, JAK1, KCNC2, KIAA0100, LHFPL3, LRTM2, MAOB, MAP7D2, MFSD6, MGST3, MRAP2, MXRA7, MYH10, NACAD, NIPAL3, NISCH, NRIP3, NTNG1, OGDHL, PAIP2B, PCDH9, PDXK, PEPD, PITPNM1, PLBD2, PPIF, PTPN3, PTPRM, RAB4A, RASD2, RASGRF1, RGS16, SH3BGRL2, SLC17A6, SLC23A2, SLC24A2, SLC24A3, SLC25A39, SLC27A4, SYNDIG1L, TCEAL3, TCF7L2, TESK1, TMCC2, TNFRSF21, TRAK2, TRIM44, TRNP1, TTC7B, TTR, TUBA8, UGT8, VAMP1, VAMP3, WLS, WNK1, ZBTB4, ZDHHC22, ZNF664",0.0465843812930101,0.0614755850021143,0.22354758182587,0.068,0.236521739130435
adolescent_MFC,"adolescent - anterior (rostral) cingulate (medial prefrontal) cortex",6,"ACTA2, ALDH4A1, ALDH6A1, F3, HPCAL1, SLC25A18",0.102707308034341,0.0667965862253745,0.232335952088259,0.067,0.236521739130435
prenatal_MD,"prenatal - mediodorsal nucleus of thalamus",165,"AASDHPPT, ABLIM1, ACAT2, ACSL3, ACSL4, ACTA2, AKAP12, ANKRD46, ARCN1, ARG2, ARL16, ARL4C, ARMCX1, ARPC2, ATP1B3, B3GALNT1, B3GAT2, B4GALT5, BCL2L1, BGN, BOK, C11orf87, C16orf92, CARM1, CBLN1, CBLN2, CBLN4, CDKN1C, CIB2, COL1A2, COL4A1, COL4A2, COL6A1, COMMD6, CORO1C, COX7A2L, CPNE2, CPNE4, CREG1, CRTAC1, CSDC2, CSK, CSRNP3, CTGF, CTNNBIP1, CXADR, CYP51A1, CYR61, DCLK2, DDR1, DOK4, DTD1, DUSP23, ELAVL2, ERP29, EVL, FARP1, FBXL19, FDPS, FEM1B, FIBP, FJX1, FN1, FYN, G6PC3, GFOD2, GLOD4, GPC1, GPR153, GRIN3A, HMGA1, HMGB3, HMGCR, HSPA13, ID4, IDH1, IGFBP5, IGSF3, KCND2, KIAA0895L, KIAA0930, KITLG, KLF6, KLHL13, KPNA2, LPCAT1, LSM11, MARCH4, MEAF6, MED24, MORF4L1, MTX2, NEDD4L, NETO2, NOLC1, NR2F1, NRXN1, NT5DC2, NTM, PAFAH1B2, PCDH10, PCDH17, PCDHA1, PCDHA11, PCDHA5, PCDHAC2, PDRG1, PFKL, PITPNM1, PPFIA3, PPM1G, PPP1R1A, PRMT1, PSMD10, RAB33A, RALA, RAMP2, RGMA, RGMB, RHOC, RIT2, RNF145, RNF152, RNF220, RRAGB, RUSC1, S100A10, SAMD14, SCCPDH, SEC61B, SH3GLB1, SLC17A6, SLC1A4, SLC24A3, SLC25A1, SLC25A39, SLC35F1, SMAP1, SMPD3, SQLE, ST8SIA2, SYNDIG1L, SYT3, TAGLN, TBCD, TCF7L2, TMEM167A, TMEM63B, TNFAIP1, TRH, TRIB2, TRNP1, TUSC3, UBE2E1, UBE2N, VPS25, VPS28, VPS37D, VTA1, WLS, ZDHHC22, ZIC1, ZNF423, ZNRF1, ZYX",0.0296581577256276,0.0770547742333058,0.256849247444353,0.072,0.24
prenatal_AMY,"prenatal - amygdaloid complex",210,"ACAT2, ADD2, ADNP, AKT3, ANP32B, ARL4C, ARMCX1, ARRDC3, ATP1B3, B4GALT5, BOD1, BTG1, BUB3, BZW2, CASC3, CBX3, CCT5, CD2BP2, CDK4, CDO1, CERS6, CGGBP1, CHD4, CKAP5, CKS2, CLIC1, CNOT8, CNPY3, CNTNAP2, COMMD6, COPZ1, CORO1C, CPNE2, CRKL, CSE1L, CSNK1A1, CSNK2B, CTCF, CXCR4, DACT1, DCAKD, DCLK2, DDR1, DDX6, DEK, DHX9, DLX1, DOK4, DOK5, DTD1, EFNB1, EFNB2, EIF3A, EIF3D, EIF3H, EPHA3, FARP1, FBXO21, FEM1B, FEZF2, FLNA, FUBP1, FYN, GLOD4, GNAI3, GPC1, GPC2, HADHA, HMGA1, HMGB1, HMGB2, HMGB3, HMGCR, HMGN4, HNRNPA1, HNRNPC, HNRNPD, HNRNPF, HNRNPR, HP1BP3, HSPA13, HSPD1, ID4, IGFBP2, IGFBP5, IGSF3, IPO5, IRF2BP2, IRF2BPL, ISLR2, KHSRP, KIAA1211, KIF22, KPNA2, LDB1, LMAN2, LMNB2, LPCAT1, LRRC47, LSM14A, LSM2, MARCH6, MCM7, MEX3A, MMADHC, MSI1, MSN, MTA2, MYH10, NACA, NAP1L1, NARF, NCK2, NEDD4L, NEO1, NES, NETO2, NFIB, NOLC1, NR2F1, NR2F2, NT5DC2, NUP93, PAFAH1B2, PAICS, PAK2, PARP1, PCGF2, PCNA, PDIA6, PLS3, PNRC1, POLR2A, POLR2B, POU3F2, PPM1G, PPP1R15A, PRMT1, PSIP1, PSMD2, PSMD3, PTBP2, PUF60, PUM2, QARS, RALA, RBBP4, RBM4, RBM42, RNASEH2A, RND3, RNF145, RNF5, ROBO1, RPL18A, RPL6, RRM1, SEC61B, SEPT11, SERBP1, SF3B3, SFRP1, SFRP2, SKA2, SLC25A1, SLC25A39, SMC3, SNRNP200, SNRPA, SNRPB, SNRPC, SOX9, SQLE, SRSF4, SRSF7, SRSF9, SSR2, SSRP1, ST13, ST8SIA2, STIP1, STT3B, SURF4, TAGLN2, TARDBP, TBC1D14, TCF3, TCF4, THRAP3, TMEM123, TMEM167A, TMEM98, TRIB2, TTC3, TYMS, UBE2E1, UBE2H, UBE2N, UBE2R2, UBTD2, UBTF, USF1, VANGL2, VASH1, VCAN, VPS28, VTA1, XRN2, ZMIZ1, ZNF22",0.0235196364827483,0.0946282353135661,0.302810353003412,0.087,0.2784
infant_M1C,"infant - primary motor cortex (area M1, area 4)",36,"ABLIM1, ALDH4A1, ARC, ASTN1, BGN, CDH13, CHPF, CHRDL1, COQ9, CYP51A1, DUSP8, EIF4G1, ELOVL5, EPN2, F3, FBLN2, FYN, ICAM5, LRIG1, MLST8, MYH9, PDGFRA, PRRT1, RASGRF1, RGMA, SERPINE2, SHANK1, SLC23A2, SLC35F1, SSBP4, TIMM13, TMEM151B, TMEM184B, TRIB2, TTR, ZBTB47",0.0255172101416379,0.119385418857383,0.36733975033041,0.118,0.363076923076923
child_MFC,"child - anterior (rostral) cingulate (medial prefrontal) cortex",8,"ACTR10, CCNY, IFIT1, PEX11B, PEX19, SERPINE2, SPCS1, TCEAL1",0.0420232811250279,0.145578250657714,0.431342964911747,0.141,0.417777777777778
adolescent_A1C,"adolescent - primary auditory cortex (core)",8,"ARC, CD47, CFL2, CLDN11, GNG11, UGT8, VAMP1, VAMP3",0.0596424556918837,0.153584847660875,0.438813850459642,0.162,0.462857142857143
infant_VFC,"infant - ventrolateral prefrontal cortex",29,"ACTA2, ALDH4A1, ARC, BGN, CHRDL1, COQ9, CTGF, DUSP8, F3, GNG11, ID1, MFGE8, MLST8, MYH9, RAMP2, RGMA, RHOC, SLC25A18, SLC25A39, SLC3A2, SSBP4, TADA3, TAGLN, TAGLN2, TIMM13, TRIB2, VAMP5, WDR13, ZBTB47",0.0220292223768596,0.238232765982917,0.657193837194254,0.23,0.63448275862069
adolescent_ITC,"adolescent - inferolateral temporal cortex (area TEv, area 20)",15,"BSN, C16orf58, CPNE5, CPNE6, DVL1, IPO13, LHPP, MEF2D, MGAT5B, PCDH9, PSD3, SOX10, TMEM184B, TTYH2, UNC5A",0.0159113715888875,0.34149066731456,0.855875815800088,0.337,0.867878787878788
child_STC,"child - posterior (caudal) superior temporal cortex (area 22c)",95,"ACTR10, ALDH4A1, ALDH9A1, ANAPC13, ARL16, ATP6V0E1, BCL2L1, BLVRB, BUD31, C12orf10, C2orf80, CAPZA2, CCNY, CDK5, CIB1, COQ9, COX7A2L, DCTN3, FAM173A, FIBP, GATM, GNG11, HADHB, HAX1, HPCAL1, ID1, IDH3A, IFIT1, IL17D, ISOC2, MGST3, MKKS, MLST8, MORF4L1, MRPL14, MRPL24, MRPL28, MRPL33, MRPS24, MRPS35, MXRA7, NDUFB1, NDUFB4, NDUFB5, NDUFC1, NUDT16L1, PDZD11, PEPD, PEX11B, PEX19, PPP1R7, PRELID1, PRRT1, PSME1, PTGES2, RAB12, RASL10B, RBX1, RHOC, RNF181, RNF5, RPL41, RPS10, RPS19BP1, SDHB, SERPINE2, SLC25A18, SNRNP25, SPCS1, SSBP4, STX8, SUB1, SURF1, SURF4, TADA3, TCEAL1, THOC7, TIMM13, TMEM126A, TMEM141, TNFSF12, TPM3, TRMT112, TWF2, TYROBP, UBE2B, UBE2E1, UBE2N, UBL4A, UROD, UROS, VAMP5, VAPA, VPS29, WDR13",0.0148606141594472,0.342203654297102,0.855875815800088,0.355,0.867878787878788
infant_STR,"infant - striatum",106,"ACTN2, ADCY5, ANO3, ARC, ARPC2, ARPP21, B3GNT2, BCR, BGN, C11orf87, C20orf27, CCDC106, CCNY, CDK17, COCH, CORT, CPNE5, CRABP1, CYBA, CYP46A1, DAB2IP, DBP, DCLK2, DGKB, DLGAP3, DPP6, DRD1, DRD2, DUSP23, DUSP8, EDNRB, EGR4, ELMOD1, ENTPD3, FABP6, FAM102A, FKBP2, FLYWCH2, GAD2, GNAL, GPC1, GPR158, GPR39, GPR6, GPR88, HRH3, ID4, INF2, INPP5A, ISOC2, ITGB1BP1, IVNS1ABP, JAKMIP1, KCNAB1, KCNIP1, KCNIP2, LGI1, LHFPL3, LRPAP1, LRRN1, MAPK4, MARK4, MPPE1, MPRIP, MRPL28, MXRA7, MYT1L, NTSR2, NUDT16L1, PAM, PCDH10, PDE10A, PDE1B, PDGFRA, PENK, PMEPA1, PPP1R1A, PPP1R7, PPP2R2B, PRR7, PSD3, PTPN5, RAPGEF1, RASD2, RASL10B, RBP4, RGS14, RGS2, RGS7BP, RGS9, RPRML, SEC14L1, SLC24A3, SLC32A1, SMPD3, SSBP4, ST8SIA3, SYNDIG1L, TAC1, TAGLN2, TESC, TOMM34, TRNP1, TUSC3, UROS, WDR13",0.0116495500603142,0.342905999448682,0.855875815800088,0.326,0.867878787878788
child_S1C,"child - primary somatosensory cortex (area S1, areas 3,1,2)",69,"ACTR10, ATP6V0E1, AUP1, CAPZA2, CCNY, CD47, CDC42SE2, CFL2, CIB1, COQ9, COX7A2L, DCTN3, EVI2A, FAM173A, FIBP, GLRB, GNG11, HADHB, HAX1, ID1, IDH3A, IFIT1, ILK, ISOC2, KIAA1107, MGST3, MKKS, MORF4L1, MRPL14, MRPL24, MRPL33, MRPL37, MRPS35, MXRA7, NDUFB1, NDUFB4, NDUFB5, NUDT16L1, PDZD11, PEX11B, PEX19, PSME1, RBX1, RNF181, RPL41, SCCPDH, SDHB, SERPINE2, SLC25A18, SNRNP25, SPCS1, STX8, SUB1, SURF1, SURF4, TCEAL1, THOC7, TMEM126A, TMEM141, TMEM155, TRMT112, TRUB2, UBE2B, UBE2E1, UBE2N, UROD, VAMP3, VAMP5, VAPA",0.0139238329845075,0.353048774017536,0.855875815800088,0.358,0.867878787878788
prenatal_MFC,"prenatal - anterior (rostral) cingulate (medial prefrontal) cortex",202,"ACAT2, ADD2, ADNP, AKT3, ARCN1, ARG2, ARMCX1, ARRDC3, ATP1B3, AUTS2, B4GALT5, BCL11A, BCL11B, BOD1, BZW2, CAMSAP1, CARM1, CASC3, CBX3, CD2BP2, CDK4, CDV3, CERS6, CHD4, CHST10, CKAP5, CKS2, CNPPD1, COPZ1, CORO1C, CPNE2, CSE1L, CSK, CSNK1A1, CSRNP2, CSRP2, CTCF, CTNNBIP1, CXADR, CYP51A1, DAB1, DACT1, DAP, DEK, DHX9, DOK4, DOK5, DTD1, DTX4, EFNB1, EFNB2, EIF3A, EIF3D, EIF3H, EIF4EBP1, EPRS, FEM1B, FEZF2, FUBP1, FYN, GLOD4, GNAI1, GNAI3, GPC1, GPC2, GPD1L, GPR12, HMGA1, HMGB1, HMGB2, HMGCR, HMGN4, HNRNPA1, HNRNPC, HNRNPD, HNRNPF, HP1BP3, HSPA13, HSPD1, ID4, IDH1, IGFBP2, IGFBP5, IGSF3, IPO5, IRF2BP2, IRF2BPL, ISLR2, IVNS1ABP, KHSRP, KIAA0895L, KIF2A, KPNA2, LDB1, LIMCH1, LRRC47, MARCH4, MARCH6, MCM7, MEX3A, MMADHC, MTA2, MYCN, NACA, NAE1, NAP1L1, NARF, NBEA, NCK2, NEDD4L, NEO1, NES, NETO2, NFIA, NFIB, NR4A2, NT5DC2, NUP93, PAFAH1B2, PBX1, PCDH17, PCGF2, PCNA, PDIA6, PHC2, POLR2B, POU3F2, PPM1G, PPP2R2B, PRDM8, PRMT1, PSIP1, PSMD2, PSMD3, PTBP2, PTPRO, PUF60, PUM2, PWP1, QARS, RALA, RBBP4, RBM4, RCAN1, RGMA, RNASEH2A, RND3, RNF5, ROBO1, RPL18A, RPL6, SATB2, SEC61B, SEMA3C, SEPT11, SERBP1, SF3B3, SFRP1, SGCB, SKA2, SLA, SLC25A1, SLC25A39, SLC35F1, SLIT1, SMAP1, SNRNP200, SNRPA, SNRPB, SOBP, SPIRE1, SQLE, SRSF4, SRSF7, SRSF9, SSRP1, ST8SIA2, STT3B, TARDBP, TBC1D14, TBR1, TCF4, THRAP3, TMEM98, TOX, TP53I11, TSPAN14, TTC3, TUSC3, UBE2R2, UBTD2, UBTF, USF1, USP10, VANGL2, VASH1, VPS28, VTA1, XRN2, ZEB2, ZMIZ1, ZNRF1",0.00433269832163982,0.387960578600443,0.912848420236336,0.383,0.901176470588235
child_A1C,"child - primary auditory cortex (core)",23,"ACTA2, ALDH4A1, ATP6V0E1, BCL2L1, BST2, CCNY, COQ9, CRABP1, HAX1, IFIT1, MRPL24, MRPL28, NDUFB4, POLR2A, PPP1R7, SDHB, SLC25A18, SNRNP25, SPCS1, SSBP4, STX8, TNFSF12, VAMP5",0.00704788497584934,0.413126408748469,0.936264389669069,0.419,0.935555555555556
child_VFC,"child - ventrolateral prefrontal cortex",54,"ACTR10, ALDH4A1, ATP6V0E1, BCL2L1, CCNY, CDK5, CIB1, COQ9, COX7A2L, CXXC5, FAM173A, FIBP, GATM, HADHB, HAX1, IFIT1, IMP3, MGST3, MORF4L1, MRPL14, MRPL24, MRPL28, MRPL37, NDUFB1, NDUFB4, NUDT16L1, PDZD11, PEPD, PEX11B, PEX19, PPP1R7, PRELID1, PSME1, RBX1, RNF181, RNF5, RPL41, SDHB, SERPINE2, SLC25A18, SNRNP25, SPCS1, SSBP4, STX8, SURF1, SURF4, TCEAL1, THOC7, TMEM126A, TRMT112, TWF2, UBE2B, UROD, WDR13",0.00860544028645057,0.421318975351081,0.936264389669069,0.421,0.935555555555556
infant_A1C,"infant - primary auditory cortex (core)",25,"ABLIM1, ACTA2, ARC, ASTN1, BGN, CD47, CHRDL1, COQ9, CYP51A1, DUSP23, ELOVL5, EPN2, F3, GNG11, KIAA1107, MLST8, R3HDM1, RAB12, RAMP2, SERPINE2, SLC25A18, SLC35F1, TMEM155, TMEM9B, TRIB2",0.00203135678417889,0.454932045448526,0.98363685502384,0.472,1
child_DFC,"child - dorsolateral prefrontal cortex",21,"CIB1, FAM173A, FIBP, HAX1, MGST3, MRPL14, MRPL24, MRPL28, MRPL33, NDUFB1, NDUFB4, NUDT16L1, PEX11B, RNF181, RPL41, SNRNP25, SPCS1, TCEAL1, TMEM141, TRMT112, UROD",-0.00322432469023545,0.527398645853725,0.999937086854872,0.529,1
prenatal_STR,"prenatal - striatum",164,"ADNP, ARCN1, ARG2, ARL4C, ARMCX1, ARPP21, AUTS2, B3GALNT1, BCL11A, BCL11B, BOD1, BTG1, BZW2, CAMSAP2, CARM1, CBX3, CERS6, CGGBP1, CHD4, CKAP5, CNTNAP2, COPZ1, CORO1C, CORT, COX7A2L, CPNE2, CRABP1, CSE1L, CSRNP2, CSRNP3, CTCF, CXADR, DACH1, DCLK2, DDR1, DEK, DHX9, DLX1, DOK4, DPF1, DTD1, DUSP8, EBF1, EIF3H, EPHA4, EVL, FBXL19, FEM1B, FOXP1, FYN, GDAP1, GLOD4, GNAI3, GNAL, GPC2, GPSM1, HMGA1, HMGB1, HMGB3, HMGCR, HNRNPA1, HNRNPC, HNRNPD, HNRNPF, HP1BP3, HSPA13, ID4, IGFBP2, IGFBP5, IGSF3, IPO5, IRF2BP2, IRF2BPL, ISLR2, KHSRP, KIAA0895L, KITLG, KLHL13, KPNA2, LDB1, LRRC47, MEIS2, MEX3A, MMADHC, MORF4L1, NCOA1, NEDD4L, NES, NETO2, NOLC1, NTN1, NUP93, PAFAH1B2, PBX3, PCDH10, PCDH17, PCGF2, PCNA, PDAP1, PDE10A, PDRG1, PENK, PLXNA2, POLR2B, PPM1G, PRMT1, PSIP1, PSMD10, PSMD3, PTBP2, PUF60, PWP1, RALA, RARB, RBBP4, RBM4, RBP1, RGMA, RGS2, RND3, RNF145, ROBO1, RPL18A, RPL6, RYBP, SEC61B, SERBP1, SERTAD4, SH3GLB1, SLC32A1, SLC39A7, SMAP1, SNRNP200, SNRPA, SNRPB, SNX4, SQLE, SRSF4, SRSF7, SRSF9, SSRP1, ST8SIA2, STT3B, TAC1, TARDBP, TBC1D14, TCF7L2, THRAP3, TMEM123, TMEM167A, TRIB2, TTC3, TUSC3, UBE2N, UBE2R2, UBTD2, UBTF, USF1, VCAN, VPS28, VTA1, ZMIZ1, ZNF521, ZNRF1",-0.0053023015159196,0.600243978459975,0.999937086854872,0.596,1
prenatal_OFC,"prenatal - orbital frontal cortex",224,"AASDHPPT, ACAT2, ACVR1B, ADD2, ADNP, ADRA2A, AKT3, ARCN1, ARG2, ARMCX1, ARPC2, ARRDC3, ATP1B3, AUTS2, B4GALT5, BCL11A, BCL11B, BOD1, BZW2, CAMSAP1, CAMSAP2, CASC3, CBX3, CDV3, CERS6, CGGBP1, CHD4, CHST10, CKAP5, CLMP, CNTNAP2, COPZ1, CORO1C, COX7A2L, CSE1L, CSNK1A1, CSRNP2, CSRNP3, CSRP2, CTCF, CTNNBIP1, CXADR, CYP51A1, DAB1, DACT1, DAP, DHX9, DOK4, DOK5, DOK6, DTD1, DTX4, EFNB1, EFNB2, EIF2S3, EIF3A, EIF3D, EIF3H, EIF4EBP1, ELAVL2, ELAVL4, EPRS, FARP1, FBXO21, FEM1B, FEZF2, FUBP1, FYN, GLOD4, GLRA2, GNAI1, GNAI3, GPC2, GPD1L, GPR12, GRIK3, HDAC2, HMGA1, HMGB1, HMGB2, HMGCR, HMGN4, HNRNPA1, HNRNPC, HNRNPD, HNRNPF, HP1BP3, HSPA13, HSPD1, ID4, IDH1, IGFBP2, IGFBP5, IGSF3, IPO5, IRF2BP2, IRF2BPL, ISLR2, IVNS1ABP, KBTBD6, KDM5B, KHSRP, KIF2A, KLHL7, KPNA2, LDB1, LIMCH1, LRRC47, MAPK6, MAPK8, MARCH4, MARCH6, MCM7, MEAF6, MEX3A, MMADHC, MTA2, MYCN, MYT1L, NACA, NAP1L1, NARF, NBEA, NCK2, NEDD4L, NEO1, NES, NETO2, NFIA, NFIB, NFYA, NKAIN2, NR4A2, NT5DC2, NUP93, PAFAH1B2, PANX1, PBX1, PCGF2, PCNA, PDIA6, POLR2B, POU3F2, PPM1G, PPP2R2B, PRDM8, PRMT1, PSIP1, PSMD2, PSMD3, PTBP2, PTPRO, PUF60, PUM2, PWP1, QARS, RALA, RBBP4, RBM4, RBP1, RCAN1, RGMA, RND3, RNF5, ROBO1, RPL18A, RPL27A, RPL6, RPS10, SATB2, SEC61B, SEMA3C, SEPT11, SERBP1, SF3B3, SFRP1, SGCB, SKA2, SLA, SLC25A39, SLC35F1, SLIT1, SMAP1, SNRNP200, SNRPB, SNX4, SOBP, SOX5, SPIRE1, SQLE, SRSF4, SRSF7, SSBP2, SSR2, SSRP1, ST13, ST8SIA2, STT3B, SURF4, TARDBP, TBC1D14, TBR1, TCF4, THRAP3, TIPRL, TMEM167A, TOX, TP53I11, TSPAN14, TTC3, TUSC3, UBE2N, UBE2R2, UBTD2, USF1, VANGL2, VASH1, VPS26B, VPS28, VTA1, XRN2, ZEB2, ZMIZ1, ZNRF1",-0.00568752306450711,0.605725477208713,0.999937086854872,0.611,1
prenatal_DFC,"prenatal - dorsolateral prefrontal cortex",200,"ACAT2, ADD2, ADNP, ADRA2A, AKT3, ARCN1, ARG2, ARMCX1, ARPC2, ARRDC3, AUTS2, B4GALT5, BCL11A, BCL11B, BOD1, BZW2, CASC3, CBLN2, CBX3, CD2BP2, CDV3, CERS6, CHD4, CHST10, CKAP5, CNPPD1, CNTNAP2, COPZ1, CORO1C, CSE1L, CSK, CSNK1A1, CSRNP2, CSRP2, CTCF, CTNNBIP1, CXADR, CYP51A1, DAB1, DACT1, DAP, DHX9, DOK4, DOK5, DTD1, DTX4, EFNB1, EFNB2, EIF3A, EIF3D, EIF3H, EIF4EBP1, EPRS, EVL, FARP1, FEM1B, FEZF2, FUBP1, FYN, GLOD4, GLRA2, GNAI1, GNAI3, GPC1, GPC2, GPD1L, GPR12, GPSM1, GRIK3, HDAC2, HMGA1, HMGB1, HMGB2, HMGCR, HNRNPA1, HNRNPC, HNRNPD, HNRNPF, HP1BP3, HS3ST4, HSPA13, ID4, IDH1, IGFBP2, IGFBP5, IGSF3, ING4, IPO5, IRF2BP2, IRF2BPL, ISLR2, IVNS1ABP, KHSRP, KIAA0895L, KPNA2, LDB1, LIMCH1, LRRC47, MAPK8, MARCH4, MARCH6, MCM7, MEX3A, MMADHC, MTA2, MYCN, MYT1L, NACA, NAP1L1, NARF, NBEA, NCK2, NEDD4L, NEO1, NES, NETO2, NFIA, NFIB, NFYA, NKAIN2, NR4A2, NT5DC2, NUP93, PAFAH1B2, PBX1, PCGF2, PCNA, PDIA6, POLR2B, POU3F2, PPM1G, PPP2R2B, PRDM8, PRMT1, PSIP1, PSMD2, PSMD3, PTBP2, PTPRO, PUF60, PUM2, PWP1, QARS, RAB33A, RALA, RBBP4, RBM4, RCAN1, RND3, RNF5, ROBO1, RPL18A, RPL27A, RPL6, SATB2, SEC61B, SEMA3C, SEPT11, SERBP1, SF3B3, SFRP1, SGCB, SKA2, SLA, SLC35F1, SLIT1, SMAP1, SNRPA, SNRPB, SOBP, SOX5, SQLE, SRSF4, SRSF7, SSBP2, SSR2, SSRP1, ST8SIA2, STT3B, TARDBP, TBC1D14, TBR1, TCF4, THRAP3, TOX, TP53I11, TSPAN14, TTC3, UBE2R2, UBTF, USF1, VANGL2, VASH1, VPS26B, VPS28, VTA1, XRN2, ZEB2, ZMIZ1, ZNRF1",-0.00908976272166697,0.658512744406956,0.999937086854872,0.663,1
prenatal_M1C,"prenatal - primary motor cortex (area M1, area 4)",212,"AASDHPPT, ACAT2, ACTA2, ACVR1B, ADD2, ADNP, ADRA2A, AFF3, AKT3, ARCN1, ARG2, ARHGAP19, ARMCX1, ARPC2, AUTS2, B3GALT2, B4GALT5, BACH2, BCL11A, BCL11B, BCL7A, BGN, BRD3, BZW2, CAMSAP1, CAMSAP2, CASC3, CBX3, CDV3, CEP170, CERS6, CGGBP1, CHD4, CHST10, CKAP5, CLASP1, CNTNAP2, COL4A1, COL4A2, COL6A1, COPZ1, CORO1C, CSE1L, CSK, CSNK1A1, CSNK1D, CSRNP2, CSRNP3, CSRP2, CTCF, CTGF, CTTNBP2, CXADR, DAB1, DACT1, DAP, DHX9, DOK4, DOK5, DOK6, DTX4, EFNB2, EIF3A, EIF3D, EIF3H, EIF4EBP1, ELAVL2, ELMOD1, EML1, EPHA7, EPRS, FAM117B, FARP1, FBXO21, FEM1B, FEZF2, FN1, FUBP1, FYN, GABRA3, GLOD4, GLRA2, GNAI1, GNAI3, GPD1L, GPR12, GRIK3, HMGA1, HMGCR, HNRNPA1, HNRNPC, HNRNPF, HP1BP3, HS3ST4, HSPA13, IDH1, IGFBP2, IGFBP5, IGSF3, IPO5, IRF2BP2, IRF2BPL, ISLR2, IVNS1ABP, KBTBD6, KDM5B, KHSRP, KIAA1211, KIF2A, KLHL1, LDB1, LIMCH1, LRRC47, MAPK6, MAPK8, MARCH4, MARCH6, MEX3A, MMADHC, MYCN, MYT1L, NACA, NARF, NBEA, NCK2, NEDD4L, NEO1, NETO2, NFIA, NFIB, NFYA, NKAIN2, NOLC1, NR4A2, PACS1, PAK2, PANX1, PBX1, PCGF2, PDE1A, PITPNC1, PLXNA2, POLR2B, POU3F2, PPM1E, PPM1G, PPP2R2B, PRDM8, PRMT1, PSMD3, PTBP2, PTDSS1, PTPRD, PTPRO, PUM2, RALA, RBBP4, RBM4, RCAN1, RGMA, RND3, ROBO1, RPL18A, RPL6, RUSC1, SATB2, SEMA3C, SEPT11, SERBP1, SF3B3, SGCB, SKA2, SLA, SLC35F1, SLIT1, SMAP1, SNRNP200, SOBP, SOX5, SPIRE1, SQLE, SSBP2, SSRP1, ST8SIA2, STT3B, TARDBP, TBC1D14, TBR1, TCF4, THRAP3, TMEM167A, TOX, TP53I11, TSHZ3, TSPAN14, TTC3, TUSC3, UBE2R2, UBTD2, UBTF, USF1, USP10, VANGL2, VASH1, VCAN, VPS26B, VTA1, XRN2, ZEB2, ZMIZ1, ZNF512, ZNRF1",-0.011567723795809,0.712660476856751,0.999937086854872,0.721,1
adult_MFC,"adult - anterior (rostral) cingulate (medial prefrontal) cortex",33,"AMPH, ATP2B4, BAIAP3, BSN, C1QL3, CAMK1G, CD47, CDH13, CHD5, CPNE5, EFR3A, GDAP1, GLRB, GLS, HPCAL1, IGIP, ISCU, MAOB, MKL2, MYH10, NAPG, NECAB1, NISCH, NMT1, OXR1, POLR2A, PSD3, PSMD1, PTER, SHANK1, SLC39A10, SLIT1, SYNJ1",-0.0290249179335813,0.71937413634086,0.999937086854872,0.714,1
prenatal_VFC,"prenatal - ventrolateral prefrontal cortex",196,"ACAT2, ACVR1B, ADD2, ADNP, ADRA2A, AKT3, ANKRD13B, ARCN1, ARG2, ARMCX1, ARPC2, AUTS2, B4GALT5, BCL11A, BCL11B, BCL2L1, BZW2, CAMSAP1, CBLN2, CBX3, CD2BP2, CERS6, CHD4, CKAP5, CLMP, CNPPD1, CNTNAP2, COPZ1, CORO1C, CPNE2, CSE1L, CSK, CSNK1A1, CSNK1D, CSRNP2, CSRNP3, CSRP2, CTCF, CTNNBIP1, CXADR, CYP51A1, DAB1, DACT1, DAP, DCLK2, DHX9, DOK4, DOK5, DTD1, DTX4, EFNB2, EIF3A, EIF3D, EIF3H, EIF4EBP1, EPRS, EVL, FARP1, FEZF2, FUBP1, FYN, GLOD4, GLRA2, GNAI1, GNAI3, GPC2, GPD1L, GPR12, GPR153, GPSM1, GRIK3, HMGA1, HMGB1, HMGCR, HNRNPA1, HNRNPC, HNRNPD, HNRNPF, HP1BP3, HS3ST4, HSPA13, IDH1, IGFBP2, IGFBP5, IGSF3, IPO5, IRF2BP2, IRF2BPL, ISLR2, KHSRP, KIAA0895L, KLHL1, KPNA2, LDB1, LIMCH1, LRFN4, LRRC47, MAPK8, MARCH4, MARCH6, MCM7, MEX3A, MMADHC, MYCN, MYT1L, NACA, NARF, NBEA, NCK2, NEDD4L, NEO1, NES, NETO2, NFIB, NKAIN2, NR4A2, NT5DC2, NUP93, PACS1, PANX1, PBX1, PCBP4, PCGF2, PDIA6, POLR2B, POU3F2, PPM1G, PPP1R14B, PPP2R2B, PRDM8, PRMT1, PSMD2, PSMD3, PTBP2, PTPRO, PUF60, PUM2, QARS, RAB33A, RALA, RBBP4, RBM4, RCAN1, RND3, RNF5, ROBO1, RPL18A, RPL6, RUSC1, SATB2, SCAF1, SEC61B, SEMA3C, SKA2, SLA, SLC25A39, SLIT1, SLN, SMAP1, SMPD3, SNRPB, SOBP, SOX5, SQLE, SRSF7, SSBP2, SSR2, SSRP1, ST8SIA2, STT3B, SURF4, TARDBP, TBC1D14, TBR1, TCF4, THRAP3, TMEM167A, TMOD1, TOX, TP53I11, TSPAN14, TTC3, TUSC3, UBE2R2, UBTF, USF1, VANGL2, VASH1, VPS26B, VPS28, VTA1, XRN2, ZEB2, ZMIZ1, ZMIZ2, ZNRF1",-0.0130022174694453,0.720116622505423,0.999937086854872,0.717,1
prenatal_S1C,"prenatal - primary somatosensory cortex (area S1, areas 3,1,2)",216,"AASDHPPT, ACAT2, ACVR1B, ADD2, ADNP, ADRA2A, AFF3, AGTPBP1, AKT3, ANKMY2, ARCN1, ARG2, ARHGAP19, ARMCX1, ARPC2, AUTS2, B3GALT2, B4GALT5, BACH2, BCL11A, BCL11B, BCL7A, BRD3, BZW2, CAMSAP1, CAMSAP2, CBX3, CDV3, CEP170, CERS6, CGGBP1, CHD4, CHST10, CKAP5, CLASP1, COPZ1, CORO1C, COX7A2L, CSE1L, CSK, CSNK1A1, CSNK1D, CSRNP2, CSRNP3, CSRP2, CTCF, CTIF, CXADR, CYP51A1, DAB1, DACT1, DAP, DCAKD, DHX9, DOK4, DOK5, DOK6, DTX4, EFNB2, EIF3A, EIF3D, EIF3H, EIF4EBP1, ELMOD1, EML1, EPHA7, EPRS, FAM117B, FEM1B, FEZF2, FUBP1, FYN, GLOD4, GLRA2, GNAI1, GNAI3, GPD1L, GPR12, GRIK3, HMGA1, HMGCR, HNRNPA1, HNRNPC, HNRNPF, HP1BP3, HS3ST4, HS6ST1, HSPA13, IDH1, IGFBP2, IGFBP5, IGSF3, IPO5, IRF2BP2, IRF2BPL, ISLR2, IVNS1ABP, KBTBD6, KDM5B, KHSRP, KIAA0895L, KIAA1211, KIF2A, KLHL1, LDB1, LIMCH1, LRRC47, MAPK6, MAPK8, MARCH4, MARCH6, MEAF6, MEX3A, MMADHC, MYCN, MYT1L, NACA, NARF, NBEA, NCK2, NEDD4L, NEO1, NETO2, NFIA, NFIB, NFYA, NKAIN2, NR4A2, PACS1, PAFAH1B2, PANX1, PBX1, PCGF2, PDE1A, PELI1, POLR2B, POU3F2, PPM1E, PPM1G, PPP2R2B, PRDM8, PRMT1, PSMD3, PTBP2, PTDSS1, PTPRD, PTPRO, PUM2, PWP1, QARS, RAB33A, RALA, RBBP4, RBM4, RCAN1, RND3, RNF41, RNF5, ROBO1, RPL18A, RPL6, RUSC1, SATB2, SEC61B, SEMA3C, SEPT11, SERBP1, SF3B3, SGCB, SKA2, SLA, SLC35F1, SLIT1, SMAP1, SNX4, SOBP, SOX5, SPIRE1, SQLE, SRGAP2, SSBP2, SSR2, SSRP1, ST8SIA2, STT3B, SYT6, TBC1D14, TBR1, TCF4, THRAP3, TIPRL, TMEM167A, TMOD1, TOX, TP53I11, TSHZ3, TSPAN14, TTC3, TUSC3, UBE2N, UBE2R2, UBTD2, UBTF, USF1, USP10, VANGL2, VASH1, VCAN, VPS26B, VTA1, XRN2, ZEB2, ZMIZ1, ZNF362, ZNF512, ZNRF1",-0.0120651735643138,0.720851673415606,0.999937086854872,0.729,1
adolescent_S1C,"adolescent - primary somatosensory cortex (area S1, areas 3,1,2)",9,"ARC, BTG2, CCNI2, HAPLN2, LHPP, PAQR4, TMEM184B, VAMP1, VAMP3",-0.034505738918916,0.794862047246269,0.999937086854872,0.802,1
prenatal_ITC,"prenatal - inferolateral temporal cortex (area TEv, area 20)",202,"AASDHPPT, ACAT2, ACVR1B, ADD2, ADNP, ADRA2A, AKT3, ARG2, ARHGAP19, ARMCX1, ARPC2, ARRDC3, AUTS2, B3GALNT1, B3GALT2, B4GALT5, BACH2, BCL11A, BCL7A, BZW2, CAMSAP1, CAMSAP2, CBX3, CD2BP2, CDH13, CDV3, CERS6, CGGBP1, CHD4, CKAP5, CLASP1, CNPPD1, CNR1, COPZ1, CORO1C, CPNE2, CSE1L, CSK, CSNK1A1, CSNK1D, CSRNP2, CSRNP3, CTCF, CXADR, DAB1, DACT1, DCAKD, DCLK2, DHX9, DOK4, DOK5, DTD1, DTX4, EFNB2, EIF3A, EIF3D, EIF3H, EIF4EBP1, EPHA7, EPRS, FARP1, FBXO21, FEM1B, FEZF2, FUBP1, GLOD4, GLRA2, GNAI1, GNAI3, GPC2, GPR12, GPSM1, GRIK3, HMGA1, HMGCR, HNRNPA1, HNRNPC, HNRNPD, HNRNPF, HP1BP3, HSPA13, IDH1, IGFBP2, IGFBP5, IGSF3, IPO5, IRF2BP2, IRF2BPL, ISLR2, IVNS1ABP, KBTBD6, KDM5B, KHSRP, KIAA0895L, KIF2A, KLHL1, KLHL7, LDB1, LRFN4, LRRC47, LRRN3, MAPK8, MARCH4, MARCH6, MEX3A, MMADHC, MRPL44, MYCN, NACA, NARF, NBEA, NCK2, NEDD4L, NEO1, NETO2, NFIB, NKAIN2, NPR3, NR2F1, NR4A2, NT5DC2, NUP93, PAFAH1B2, PANX1, PCBP4, PCGF2, PDIA6, PELI1, PLXNA2, POLR2B, PPM1G, PPP2R2B, PRDM8, PRMT1, PSMD2, PSMD3, PTBP2, PTDSS1, PUF60, PUM2, PWP1, QARS, RAB33A, RALA, RASL11B, RBBP4, RBM4, RND3, RNF145, RNF182, RNF5, RPL18A, RPL6, RUSC1, SATB2, SEPT11, SERBP1, SF3B3, SLA, SLIT1, SMAP1, SNRNP200, SNRPB, SNX4, SOBP, SOX5, SPIRE1, SQLE, SRSF7, SSBP2, SSR2, SSRP1, ST8SIA2, STT3B, SYBU, TARDBP, TBC1D14, TBR1, TCF4, THRAP3, TIPRL, TMEM167A, TP53I11, TRIB2, TSPAN14, TTC3, TUSC3, UBE2N, UBE2R2, UBTF, USF1, VANGL2, VASH1, VCAN, VPS26B, VPS28, VTA1, XRN2, ZMIZ1, ZNF512, ZNF821, ZNRF1",-0.0230640791129092,0.831172359202691,0.999937086854872,0.84,1
prenatal_A1C,"prenatal - primary auditory cortex (core)",163,"AASDHPPT, ACAT2, ACVR1B, ADD2, ADNP, ADRA2A, AKT3, ARG2, ARMCX1, ARPC2, AUTS2, B3GALT2, B4GALT5, BACH2, BCL11A, BCL7A, BZW2, CBX3, CD2BP2, CERS6, CGGBP1, CKAP5, CLASP1, CNPPD1, CORO1C, CSE1L, CSK, CSNK1A1, CSNK1D, CSRNP2, CTCF, CXADR, DAB1, DACT1, DAP, DCAKD, DHX9, DOK4, DOK5, DTD1, DTX4, EFNB2, EIF3A, EIF3D, EIF3H, EIF4EBP1, EPRS, FARP1, FEM1B, FEZF2, FLRT2, FUBP1, GLOD4, GLRA2, GNAI1, GNAI3, GPSM1, GRIK3, HMGA1, HMGCR, HNRNPA1, HNRNPC, HNRNPF, HP1BP3, HSPA13, IGFBP2, IGFBP5, IGSF3, IPO5, IRF2BP2, IRF2BPL, ISLR2, IVNS1ABP, KBTBD6, KHSRP, KIAA0895L, KIF2A, KLHL1, LDB1, LRRC47, LRRN3, MAPK8, MARCH4, MARCH6, MEX3A, MMADHC, MYCN, MYT1L, NACA, NBEA, NCK2, NEDD4L, NEO1, NETO2, NFIB, NKAIN2, NR2F1, NR4A2, PANX1, PCGF2, PLXNA4, POLR2B, POU3F2, PPM1G, PPP2R2B, PRDM8, PRMT1, PSMD3, PTBP2, PTPRO, PUM2, PWP1, RAB33A, RALA, RASL11B, RBBP4, RBM4, RCAN1, RND3, RNF182, RNF5, RPL18A, RPL6, RUSC1, SATB2, SEMA3C, SERBP1, SF3B3, SLA, SLIT1, SMAP1, SNX7, SOBP, SOX5, SPIRE1, SQLE, SRSF7, SSBP2, SSRP1, ST8SIA2, STT3B, SYBU, TBC1D14, TBR1, TCF4, THRAP3, TMEM167A, TMOD1, TP53I11, TSPAN14, TTC3, TUSC3, UBE2R2, UBTF, USF1, VASH1, VCAN, VPS28, VTA1, XRN2, ZEB2, ZMIZ1, ZNRF1",-0.0264242611800106,0.859189528330233,0.999937086854872,0.864,1
infant_DFC,"infant - dorsolateral prefrontal cortex",33,"ARC, ARL16, BCL2L1, CCDC106, CPNE6, DUSP23, DUSP8, DVL1, F3, FAM173A, FIBP, GNG11, ICAM5, ID1, MLST8, MRPL14, MRPL28, MRPL37, NGB, NUDT16L1, PPFIA3, R3HDM1, SHANK1, SLC25A18, SSBP4, TADA3, TAGLN2, TIMM13, TMEM151B, TWF2, UROS, VAMP5, WDR13",-0.0434764187115237,0.87198643148191,0.999937086854872,0.882,1
infant_ITC,"infant - inferolateral temporal cortex (area TEv, area 20)",8,"R3HDM1, RAB12, SHANK1, TCEAL1, THOC7, TMEM151B, TRIB2, TTR",-0.0514493223583881,0.890997849745878,0.999937086854872,0.896,1
prenatal_IPC,"prenatal - posteroventral (inferior) parietal cortex",200,"AASDHPPT, ACAT2, ACVR1B, ADD2, ADNP, ADRA2A, AFF3, AGTPBP1, AKT3, ANKRD13B, ARG2, ARHGAP19, ARMCX1, ARPC2, AUTS2, B3GALT2, B4GALT5, BACH2, BCL11A, BCL11B, BCL7A, BRD3, BZW2, CAMSAP1, CAMSAP2, CAMSAP3, CBX3, CDV3, CEP170, CERS6, CGGBP1, CKAP5, CLASP1, CNPPD1, CORO1C, CSE1L, CSK, CSNK1A1, CSNK1D, CSRNP2, CSRNP3, CSRP2, CTCF, CTIF, CXADR, CYP51A1, DAB1, DACT1, DAP, DHX9, DOK4, DOK5, DOK6, DTD1, DTX4, EFNB2, EIF3A, EIF3D, EIF3H, EIF4EBP1, EPRS, FAM117B, FARP1, FEM1B, FEZF2, FUBP1, GLOD4, GLRA2, GNAI1, GNAI3, GPD1L, GPR12, GPSM1, GRIK3, HMGA1, HMGCR, HNRNPA1, HNRNPC, HNRNPF, HP1BP3, HS3ST4, HS6ST1, HSPA13, IDH1, IGFBP2, IGSF3, IPO5, IRF2BP2, IRF2BPL, ISLR2, IVNS1ABP, KBTBD6, KDM5B, KHSRP, KIAA0895L, KIAA1211, KIF2A, KLHL1, LDB1, LIMCH1, LRFN4, LRRC47, MAPK8, MARCH4, MARCH6, MEX3A, MMADHC, MYCN, MYT1L, NACA, NARF, NBEA, NCK2, NEDD4L, NEO1, NETO2, NFIB, NFYA, NKAIN2, NR2F1, NR4A2, PACS1, PANX1, PBX1, PCGF2, POLR2B, POU3F2, PPM1E, PPM1G, PPP2R2B, PRDM8, PRMT1, PSMD1, PSMD3, PTBP2, PTDSS1, PTPRD, PUF60, PUM2, PWP1, RAB33A, RALA, RBBP4, RBM4, RCAN1, RND3, RNF145, RNF182, RNF5, RPL18A, RPL6, RUSC1, SATB2, SCAF1, SEC61B, SEMA3C, SEPT11, SERBP1, SF3B3, SLA, SLIT1, SMAP1, SOBP, SOX5, SPIRE1, SQLE, SRGAP2, SRSF7, SSBP2, SSRP1, ST8SIA2, STT3B, SYBU, TBC1D14, TBR1, TCF4, THRAP3, TMOD1, TP53I11, TRIM67, TSHZ3, TSPAN14, TTC3, TUSC3, UBE2R2, UBTF, USF1, USP10, VANGL2, VASH1, VCAN, VPS26B, VPS28, VTA1, XRN2, ZEB2, ZMIZ1, ZNF362, ZNF821, ZNRF1",-0.0284881701556083,0.89499598606231,0.999937086854872,0.901,1
prenatal_STC,"prenatal - posterior (caudal) superior temporal cortex (area 22c)",186,"ACAT2, ADD2, ADNP, ADRA2A, ADRM1, AKT3, ANKRD13B, ARG2, ARMCX1, ARPC2, AUTS2, B3GALT2, B4GALT5, BACH2, BCL11A, BCL7A, BZW2, C16orf92, CAMSAP3, CARM1, CASC3, CBX3, CD2BP2, CERS6, CHD4, CIC, CKAP5, CLASP1, CNPPD1, CNPY3, COPZ1, CORO1C, CPNE2, CSE1L, CSK, CSNK1D, CSRNP2, CTCF, CTIF, CXADR, DAB1, DACT1, DAP, DCAKD, DHX9, DOK4, DOK5, DTD1, DTX4, DUSP23, EFNB2, EIF3A, EIF3D, EIF3H, EIF4EBP1, EPRS, EVL, FEZF2, FUBP1, GFOD2, GLOD4, GLRA2, GNAI1, GNAI3, GPC1, GPC2, GPSM1, GRIK3, HMGA1, HMGCR, HNRNPA1, HNRNPC, HNRNPD, HNRNPF, HP1BP3, HS3ST4, HSPA13, IGFBP2, IGFBP5, IGSF3, ING4, IPO5, IRF2BP2, IRF2BPL, ISLR2, IVNS1ABP, KHSRP, KIAA0895L, KLHL1, LDB1, LRFN4, LRRC47, MARCH4, MARCH6, MCM7, MEX3A, MMADHC, MYCN, NACA, NARF, NBEA, NCK2, NEDD4L, NEO1, NETO2, NFIB, NKAIN2, NR2F1, NR4A2, NT5DC2, OCIAD2, PCBP4, PCGF2, PCNA, PDAP1, PDIA6, POLR2B, PPM1G, PPP1R15A, PPP2R2B, PRDM8, PRMT1, PSMD3, PTBP2, PUF60, PUM2, QARS, RAB33A, RALA, RASL11B, RBBP4, RBM4, RBM42, RND3, RNF182, RNF5, RPL18A, RPL6, RUSC1, SATB2, SCAF1, SEC61B, SEPT11, SF3B3, SLA, SLC25A1, SLIT1, SMAP1, SNRPA, SNRPB, SOBP, SOX5, SPIRE1, SQLE, SRSF4, SRSF7, SSBP2, SSR2, SSRP1, ST8SIA2, STT3B, SYBU, TARDBP, TBC1D14, TBR1, TCF4, THRAP3, TP53I11, TSPAN14, TSPO, TTC3, UBE2R2, UBTF, USF1, VANGL2, VASH1, VCAN, VPS26B, VPS28, VTA1, XRN2, ZMIZ1, ZMIZ2, ZNF362, ZNF821, ZNRF1",-0.0312420952488938,0.9183350330224,0.999937086854872,0.921,1
infant_STC,"infant - posterior (caudal) superior temporal cortex (area 22c)",10,"ARC, DUSP23, F3, GNG11, ICAM5, R3HDM1, SHANK1, TCEAL1, THOC7, TRIB2",-0.0560317279086157,0.932881809727971,0.999937086854872,0.937,1
infant_OFC,"infant - orbital frontal cortex",14,"ARC, CHRDL1, DUSP23, F3, FAM173A, ICAM5, MFGE8, MLST8, MRPL14, NGB, NUDT16L1, SSBP4, TIMM13, WDR13",-0.0716883332971474,0.934049335389664,0.999937086854872,0.939,1
child_V1C,"child - primary visual cortex (striate cortex, area V1/17)",31,"ALDH4A1, ATP6V0E1, BCL2L1, BST2, COQ9, CRABP1, DEXI, EFR3A, GATM, GLRB, ID1, IFIT1, IL6ST, MLST8, MRPL24, NDUFB4, PARM1, PEPD, PEX11B, RPL41, SDHB, SEMA7A, SLC25A18, SPCS1, STAT1, STX8, SURF4, TCEAL6, TRMT112, VAMP1, VSTM2A",-0.0498146885333043,0.935729083945577,0.999937086854872,0.931,1
prenatal_V1C,"prenatal - primary visual cortex (striate cortex, area V1/17)",171,"ADD2, ADNP, ADRA2A, AFF3, AKT3, ANKRD13B, ANP32B, ARG2, ARHGAP19, ARMCX1, AUTS2, B4GALT5, BACH2, BCL11A, BCL11B, BCL7A, BZW2, C16orf92, CASC3, CBX3, CD2BP2, CHD4, CHST10, CIC, CKAP5, CNPPD1, COPZ1, CORO1C, CSE1L, CSK, CSNK1A1, CSRNP2, CTCF, CTIF, DAB1, DACT1, DAP, DAZAP1, DCAKD, DHX9, DOK4, DOK5, DOK6, DTX4, EFNB2, EIF3A, EIF3D, EIF3H, EIF4EBP1, EML1, EPRS, FEZF2, FUBP1, FXR2, GNAI1, GNAI3, GPC1, GPD1L, GPR12, GPSM1, GRIK3, HMGA1, HMGCR, HNRNPA1, HNRNPC, HNRNPD, HNRNPF, HP1BP3, HS3ST4, HS6ST1, IGFBP2, IGSF3, IRF2BP2, IRF2BPL, ISLR2, KHSRP, KIAA0895L, LDB1, LIMCH1, LRFN4, LRRC47, MARCH4, MARCH6, MCM7, MEX3A, MTA2, MYCN, NACA, NARF, NBEA, NCK2, NEDD4L, NEO1, NFIA, NFIB, NFYA, NR2F1, NR4A2, NT5DC2, PCBP4, PCGF2, PELI1, PLXNA2, POLR2B, POU3F2, PPM1G, PPP2R2B, PRDM8, PRMT1, PSMD3, PTDSS1, PUF60, PUM2, QARS, RBBP4, RBM4, RBM42, RBPJ, RCAN1, RNF182, RPL18A, RPL27A, RPL6, RUSC1, SATB2, SCAF1, SEC61B, SEMA7A, SEPT11, SF3B3, SLA, SLC25A1, SLC25A39, SLIT1, SMAP1, SNRNP200, SNRPA, SNRPB, SOBP, SOX5, SPIRE1, SQLE, SRSF4, SRSF7, SSBP2, SSRP1, ST8SIA2, STT3B, TARDBP, TBC1D14, TBR1, TCF4, THRAP3, TMOD1, TP53I11, TSHZ3, TSPAN14, TTC3, UBE2R2, UBTF, USF1, VANGL2, VASH1, VPS26B, VPS28, VTA1, WNT7B, XRN2, ZMIZ1, ZNF362, ZYX",-0.0307967494730753,0.936430978604326,0.999937086854872,0.931,1
adolescent_OFC,"adolescent - orbital frontal cortex",14,"C16orf58, CAMK1G, CCNI2, CPNE5, CXXC5, DVL1, HPCAL1, LRRC8A, MAPK4, MGAT5B, NMT1, PDXK, TMEM184B, UNC5A",-0.08325742877486,0.951712615442825,0.999937086854872,0.952,1
adolescent_VFC,"adolescent - ventrolateral prefrontal cortex",8,"CCNI2, DVL1, F3, IPO13, MGAT5B, PDXK, TMEM184B, UNC5A",-0.0755545905997652,0.956591664402219,0.999937086854872,0.949,1
adult_ITC,"adult - inferolateral temporal cortex (area TEv, area 20)",37,"AMPH, ATP2B4, BSN, C1QL3, C2orf80, CAB39, CAMK1D, CCNY, CDC42SE2, CPNE5, CREG2, EFR3A, GDAP1, GLRB, GLS, HPCAL1, IGIP, ISCU, MAPK9, MKL2, NAPG, NECAB1, NISCH, OXR1, PIK3R1, PSD3, PTER, RAB12, SLC39A10, SLC3A1, SRPK2, SYNJ1, THOC7, VAPA, WASL, WNK1, ZFR",-0.079193418884132,0.96784480168863,0.999937086854872,0.965,1
infant_MFC,"infant - anterior (rostral) cingulate (medial prefrontal) cortex",8,"CDH13, CPNE6, DUSP8, ICAM5, PPFIA3, R3HDM1, SHANK1, TMEM151B",-0.0897098812451649,0.968403574645569,0.999937086854872,0.971,1
adolescent_STC,"adolescent - posterior (caudal) superior temporal cortex (area 22c)",5,"CREG2, ETS2, GLS, MGAT5B, TMEM155",-0.148161857527664,0.980791624580934,0.999937086854872,0.983,1
adolescent_DFC,"adolescent - dorsolateral prefrontal cortex",27,"AGAP3, ALDH6A1, ALKBH5, ARC, C16orf58, CHD5, CPNE5, DLGAP3, DUSP8, DVL1, ETS2, F3, HPCAL1, LRRC4, LRRC8A, MAPK4, MEF2D, MGAT5B, NMT1, PDXK, PRRT1, RBFOX3, SERPINE2, TMEM151B, TMEM184B, UNC5A, ZBTB4",-0.0736699029778882,0.982770274039657,0.999937086854872,0.98,1
infant_S1C,"infant - primary somatosensory cortex (area S1, areas 3,1,2)",35,"ACTR10, ARC, BCL2L1, CCDC106, CCNY, CD47, CDH13, CRY2, CTGF, DACT3, DBP, DLGAP3, DUSP8, DVL1, EPHA4, FAM173A, FIBP, ICAM5, ID1, KIAA1107, MLST8, MRPL14, MRPL28, MRPL37, NUDT16L1, PPFIA3, R3HDM1, SCAF1, SHANK1, SSBP4, TAGLN2, TIMM13, TMEM151B, TWF2, WDR13",-0.0857886200454183,0.98319611562436,0.999937086854872,0.981,1
adult_DFC,"adult - dorsolateral prefrontal cortex",57,"ACTR10, AMPH, ARCN1, ATP2B4, ATPAF1, BTBD10, C2orf80, CAB39, CAMK1D, CAMK1G, CARTPT, CBLN2, CD47, CDH13, CDK14, CREG2, EFR3A, ETS2, FXR2, GABRB2, GDAP1, GLRB, GLS, IGIP, ISCU, KCNC2, KIF3A, MAPK10, MAPK9, MFSD6, MKL2, MXRA7, NAPG, NECAB1, NMT1, OXR1, PARM1, PCDH9, PEX11B, PIK3R1, PIP4K2C, PSD3, PSMD1, RNF41, SCN2A, SLC39A10, SLC3A1, SLC4A10, SRPK2, SYNJ1, TAX1BP1, TMEM155, TMX4, TRIM44, UBL4A, VAMP1, WASL",-0.0936340557971632,0.984147662261193,0.999937086854872,0.988,1
infant_IPC,"infant - posteroventral (inferior) parietal cortex",16,"ACTR10, ARC, CDH13, CPNE6, CRY2, DACT3, DUSP8, DVL1, EPHA4, ICAM5, PPFIA3, R3HDM1, SHANK1, SSBP4, TMEM151B, WDR13",-0.108170389540568,0.984458459375348,0.999937086854872,0.985,1
adult_OFC,"adult - orbital frontal cortex",41,"AMPH, ATP2B4, BAIAP3, BSN, C16orf58, CAB39, CAMK1D, CAMK1G, CARTPT, CBLN2, CBX7, CHD5, CPNE5, CREG2, ETS2, GABRB2, GDAP1, GLRB, GLS, HPCAL1, LRRC4, MAPK10, MEF2D, MGAT5B, MKL2, MYH10, NECAB1, NISCH, NMT1, OXR1, PARM1, PCDH9, PIK3R1, POLR2A, PSD3, SLC39A10, SLC3A1, SLC6A7, SYNJ1, TRIM44, UNC5A",-0.109470507914661,0.991430924575708,0.999937086854872,0.993,1
infant_CBC,"infant - cerebellar cortex",121,"ABLIM1, ADRM1, AKAP12, ALAS1, AMPH, ANP32B, ANP32E, ARCN1, ATP1B3, BAG3, BCAR1, BTG1, CA8, CACNA1A, CACNA1G, CADPS2, CALB1, CALN1, CAMK2D, CAMK4, CBLN1, CD47, CERK, CIC, COL27A1, COL6A1, CSDC2, CXXC5, CYP26B1, DAB2IP, DBP, DUSP5, EPS8, ERP29, ETV1, FAM50A, FBXO31, FLYWCH2, FNBP1, FNDC5, FSTL5, FXR2, GFOD2, GNG11, GRIN2C, GRM4, HIST2H2BE, HOMER3, HPCAL1, HSPD1, ID4, INPP5A, ITPR1, KCNC1, KCNK1, KLF13, KLF9, LCAT, LUC7L3, MAT2A, MGAT3, MICAL2, MKNK2, MXD4, NAB2, NEUROD1, NFIB, PCBP4, PCP2, PDIA6, PDK2, PDRG1, PHC2, PKIB, PLXNB2, PPP1R17, PSD3, PSIP1, RAB12, RBFOX3, RBM42, RELN, RING1, RIT2, RMND5A, RTN4R, SAMD14, SCN2A, SDHAF1, SFRP1, SFXN3, SHF, SKI, SLC1A6, SNRPB, SRGAP2, SRSF5, SSTR2, STIP1, SYBU, TARDBP, TBC1D9, TIAM1, TIMP4, TLE2, TMEM145, TMOD1, TOB2, TPD52L2, TPRN, TRMT112, TSC22D3, TTR, TWF2, UBTF, UCK1, ULK3, ZIC1, ZIC4, ZNF521, ZYX",-0.0505794402038784,0.993585292288453,0.999937086854872,0.996,1
adult_VFC,"adult - ventrolateral prefrontal cortex",43,"ADAM23, AMPH, BSN, CAB39, CAMK1D, CAMK1G, CBLN2, CDK14, CHD5, CREG2, EFR3A, ETS2, GABRB2, GDAP1, GLRB, GLS, IGIP, IPO13, ISCU, KIAA1107, KIF3A, MAPK10, MAPK9, MFSD6, MYH10, NECAB1, NMT1, OXR1, PARM1, PCDH9, PIK3R1, PIP4K2C, POLR2A, PSD3, RAPGEF5, SLC39A10, SLC3A1, SYNJ1, TMX4, TRIM44, UGT8, UNC5A, VAMP1",-0.117954466056552,0.994491737145199,0.999937086854872,0.997,1
adult_M1C,"adult - primary motor cortex (area M1, area 4)",30,"ADAM23, AMPH, CAMK1D, CAMK1G, CBLN2, CBX7, CHD5, DEXI, ETS2, FIBP, FXR2, GLS, ISCU, KCNS1, MXRA7, MYH10, PDXK, PNKD, PPP1R7, RASGRF1, SEMA7A, STAC2, STX8, TMEM151B, TOMM34, TWF2, UBL4A, UNC5A, VAMP1, ZBTB4",-0.130502581853746,0.995105634134877,0.999937086854872,0.996,1
adolescent_V1C,"adolescent - primary visual cortex (striate cortex, area V1/17)",11,"ARC, CCNI2, F3, PDXK, PPP1R3C, RASD2, SDC4, SEMA7A, STAC2, VAMP1, ZYX",-0.115274608672932,0.995361893558284,0.999937086854872,0.993,1
adult_CBC,"adult - cerebellar cortex",193,"AAMP, ABHD14A, ABLIM1, ADRM1, AKAP12, ALAS1, ALKBH5, AMPH, ANP32E, ARCN1, ATP1B3, AUP1, BCL2L1, BTG1, C16orf58, C3orf18, CA4, CA8, CACNA1A, CADPS2, CALB1, CALN1, CAMK4, CASC3, CBLN1, CBX7, CCDC85C, CD47, CDH22, CDR2L, CDS2, CERK, CFL2, CHN2, CIC, COPZ1, COX7A2L, CRKL, CRTC1, CSDC2, CTBP1, CTDSP2, CTNNBIP1, CTSZ, CXXC5, CYB5A, CYP26B1, DAB2IP, DBP, DEF8, DHRS13, DNAJC12, DNM3, DPP7, DUSP5, ECI1, EFR3A, ETV1, FBXL5, FBXO31, FLYWCH2, FNBP1, FNDC5, FSTL5, FXR2, GABRB2, GALNT9, GATM, GBA2, GFOD2, GGT7, GNA11, GPR158, GRAMD1B, GRIN2C, GRM4, HOMER3, HPCAL1, ICMT, ILK, INPP5A, IQSEC3, ITPR1, KCNC1, KCND2, KCND3, KCNJ3, KCNK1, KIAA0895L, KIT, KLF13, KRT31, LCAT, MAT2A, MCAM, MEF2D, MGAT3, MICAL2, MLST8, MREG, MXD4, MXRA7, NAB2, NDUFB1, NDUFB4, NDUFC1, NEUROD1, NIPAL3, NISCH, NRIP2, NRIP3, PAFAH1B2, PCBP4, PCIF1, PCP2, PDK2, PDRG1, PEPD, PGP, PHC2, PISD, PKD1, PKIB, POLB, POLE3, POLR2A, PPM1H, PPP1R17, PRPS1, PRRT1, PRUNE2, PSD3, PSMD3, RAB12, RAB26, RAB33A, RAB37, RBFOX3, RELN, RHOT2, RIMS1, RING1, RIT2, RMND5A, RNF112, RNF41, RTN4R, SALL2, SAMD14, SCGN, SCN2A, SDHAF1, SDHB, SFXN3, SHF, SKA2, SKI, SLC1A6, SNRPB, SRGAP2, SYBU, SYNDIG1, SYT2, TBC1D9, TCEAL1, TCEAL6, TIAM1, TIMP4, TLE2, TMCC2, TMED3, TMEM145, TMOD1, TPD52L2, TRMT112, TRNP1, TSC22D3, TSPAN5, TTC7B, TUBA8, TWF2, UBAP1, UCK1, ULK3, UNC13C, UPF1, VPS28, WSCD2, ZBTB4, ZIC1, ZIC4, ZNF521, ZYX",-0.06566038343464,0.995893282387398,0.999937086854872,0.997,1
adult_IPC,"adult - posteroventral (inferior) parietal cortex",55,"ADAM23, AMPH, ATRNL1, BSN, CAB39, CAMK1D, CAMK1G, CBX7, CCDC47, CDK14, CHD5, CPNE5, CREG2, EFR3A, ETS2, GABRB2, GDAP1, GLRB, GLS, IGIP, ISCU, ITPR1, KCNC2, KIAA1107, KIF3A, LRRC4, MAPK10, MAPK9, MFSD6, MGAT5B, MKL2, MYH10, NAPG, NECAB1, NMT1, OXR1, PARM1, PCDH9, PIK3R1, PIP4K2C, PSD3, SECISBP2L, SGTB, SLC39A10, SLC3A1, SLC4A10, SRPK2, SYNJ1, TAX1BP1, TMX4, TOMM34, TRIM44, UNC5A, VAMP1, WASL",-0.12898810203027,0.996893368983689,0.999937086854872,0.997,1
adolescent_CBC,"adolescent - cerebellar cortex",155,"ABHD14A, ABLIM1, ADAM22, ADRM1, AKAP12, ALAS1, ALKBH5, AMPH, ANP32E, ARCN1, ATP1B3, BCL2L1, BTG1, BTG2, CA4, CA8, CACNA1A, CADPS2, CALB1, CALN1, CAMK2D, CAMK4, CBLN1, CBX7, CCDC47, CD47, CD74, CDH22, CDR2L, CERK, CFL2, CHN2, CIC, CRKL, CRTC1, CSDC2, CTNNBIP1, CTSZ, CXXC5, CYB5A, CYP26B1, DAB2IP, DBP, DNAJC12, DNM3, DUSP5, EFR3A, EGR4, ETV1, FBXO31, FNBP1, FNDC5, FSTL5, FXR2, GABRB2, GALNT9, GBA2, GFOD2, GGT7, GNA11, GPR158, GRAMD1B, GRIN2C, GRM4, HOMER3, HPCAL1, IER2, INPP5A, IQSEC3, ITPR1, KCNC1, KCND2, KCND3, KCNJ3, KCNK1, KIT, KLF13, KLF9, MAT2A, MCAM, MEF2D, MGAT3, MICAL2, NAB2, NDUFB4, NEUROD1, NIPAL3, NISCH, NRIP2, NRIP3, PAFAH1B2, PCBP4, PCP2, PDK2, PISD, PKIB, PNRC1, POLB, POLE3, POLR2A, PPM1H, PPP1R17, PRRT1, PSD3, PSIP1, RAB12, RASGRF1, RBFOX3, RELN, RIMS1, RING1, RIT2, RMND5A, RNF112, RNF152, RNF41, SALL2, SAMD14, SCN2A, SEL1L3, SEMA7A, SFXN3, SHF, SKI, SLC1A6, SNRPB, SPHKAP, SRCIN1, SRGAP2, SYBU, SYNDIG1, SYT2, TBC1D9, TCEAL3, TCEAL6, TIAM1, TIMP4, TLE2, TMCC2, TMEM145, TMOD1, TPD52L2, TRMT112, TSC22D3, TWF2, UCK1, ULK3, UNC13C, UPF1, WSCD2, ZBTB4, ZIC1, ZIC4, ZNF521, ZYX",-0.0732783309803299,0.998348318088689,0.999937086854872,1,1
adult_S1C,"adult - primary somatosensory cortex (area S1, areas 3,1,2)",45,"ADAM23, AMPH, CAB39, CAMK1D, CAMK1G, CBLN2, CBX7, CDK14, CHD5, DEXI, EFR3A, ETS2, FXR2, GABRB2, GBA2, GDAP1, GLRB, GLS, ISCU, KCNIP2, KCNS1, LRRC4, MAPK10, MGAT5B, MXRA7, NAPG, NECAB1, NMT1, OXR1, PDXK, PIP4K2C, PNKD, PPP1R7, RASGRF1, SDHB, SEMA7A, STAC2, SUGP2, TMEM151B, TMEM155, TMX4, TOMM34, UBL4A, UNC5A, VAMP1",-0.159886219761827,0.998427007131812,0.999937086854872,0.998,1
adult_STC,"adult - posterior (caudal) superior temporal cortex (area 22c)",67,"ADAM23, AMPH, BSN, C16orf58, CAB39, CAMK1D, CAMK1G, CBX7, CCDC47, CDH13, CDK14, CHD5, CPNE5, CREG2, EFR3A, ETS2, FXR2, GABRB2, GDAP1, GLRB, GLS, ISCU, KCNC2, KIAA1107, KIF3A, LRRC4, MAPK10, MAPK9, MEF2D, MFSD6, MGAT5B, MKL2, MYH10, NECAB1, NISCH, NMT1, OTUD5, OXR1, PARM1, PCDH9, PDXK, PIK3R1, PIP4K2C, POLR2A, PSD3, PTPN5, RAB40C, RASD2, RASGRF1, RBFOX3, SEMA7A, SLC39A10, SLC3A1, SLC4A10, SLC6A7, SRPK2, STAC2, SYNJ1, TMEM151B, TMX4, TOMM34, TRIM44, TWF2, UBL4A, UNC5A, VAMP1, ZBTB4",-0.13663869390275,0.998593079627836,0.999937086854872,0.998,1
child_CBC,"child - cerebellar cortex",165,"ABHD14A, ABLIM1, ADAM22, ADRM1, AKAP12, ALAS1, ALKBH5, AMPH, ANP32E, ARCN1, ATP1B3, ATXN2L, AUP1, BCL2L1, BTG1, CA4, CACNA1A, CADPS2, CALB1, CALN1, CAMK4, CBLN1, CDC25B, CDH22, CDR2L, CENPT, CERK, CHN2, CIC, CRKL, CRTC1, CSDC2, CTDSP2, CTNNBIP1, CXXC5, CYB5A, CYP26B1, DAB2IP, DBP, DNAJC12, DUSP5, DVL1, ETV1, FBXO31, FIBP, FLYWCH2, FNBP1, FNDC5, FSTL5, FXR2, GALNT9, GBA2, GFOD2, GGT7, GNA11, GPR158, GRAMD1B, GRIN2C, GRM4, HIST2H2BE, HOMER3, HPCAL1, ICMT, ILK, INPP5A, IQSEC3, ITPR1, KCNC1, KCND2, KCND3, KCNJ3, KCNK1, KIAA0895L, KLF13, KLF9, LCAT, LRP1, MAT2A, MEF2D, MGAT3, MICAL2, MKNK2, MXD4, NAB2, NDP, NDUFB1, NDUFB4, NEUROD1, NISCH, NRIP2, NRIP3, OTUD5, PCBP4, PCP2, PDK2, PDRG1, PISD, PKD1, PKIB, PLXNB2, PNRC1, POLB, POLE3, POLR2A, PPM1H, PPP1R15A, PRRT1, PSD3, RAB12, RAB33A, RAB37, RBFOX3, RELN, RHOT2, RIMS1, RING1, RIT2, RMND5A, RNF112, RNF146, RNF152, RNF41, RTN4R, SALL2, SAMD14, SCN2A, SDHAF1, SFRP1, SFXN3, SHANK1, SHF, SKI, SLC1A6, SNRPB, SPHKAP, SRCIN1, SRGAP2, SYBU, SYNDIG1, TBC1D9, TCEAL3, TCEAL6, TIAM1, TIMP4, TLE2, TMCC2, TMED3, TMEM145, TMEM159, TMOD1, TOB2, TPD52L2, TRMT112, TSC22D3, TTC7B, TWF2, UBAP1, UCK1, ULK3, WSCD2, ZBTB4, ZIC1, ZIC4, ZNF521, ZYX",-0.0807823099057238,0.998875852303983,0.999937086854872,1,1
adolescent_IPC,"adolescent - posteroventral (inferior) parietal cortex",17,"CD47, CREG2, DLGAP3, ETS2, GABRB2, GDAP1, GLRB, GLS, KIAA1107, KIF3A, MGAT5B, OXR1, PCDH9, PIK3R1, PSD3, SLC39A10, UNC5A",-0.168558348259195,0.999125465097048,0.999937086854872,0.999,1
adult_A1C,"adult - primary auditory cortex (core)",31,"ACTA2, AMPH, CAB39, CAMK1D, CBX7, CCNI2, DEXI, EFR3A, ETS2, GABRB2, GLRB, GLS, HAPLN2, HPCAL1, ISCU, KCNIP2, KIAA1107, LRRC4, MGAT5B, MXRA7, NECAB1, PARM1, PSD3, RASD2, SEMA7A, STAC2, TWF2, UBL4A, UNC5A, VAMP1, ZBTB4",-0.164071138232816,0.999395383222934,0.999937086854872,0.999,1
adult_V1C,"adult - primary visual cortex (striate cortex, area V1/17)",67,"ACSL3, ADAM23, AMPH, ARCN1, ATP1B3, ATRNL1, BSN, CAB39, CADPS2, CAMK1D, CBX7, CCDC47, CCNI2, CD47, CDK14, DEXI, EFR3A, ETS2, GABRB2, GDAP1, GLRB, GLS, IDH3A, IGIP, ISCU, KCNC2, KCNIP2, KCNS1, KIAA1107, LRRC4, MAP7D2, MAPK10, MAPK9, MAT2A, NAPG, NCEH1, NCKIPSD, NECAB1, NMT1, OXR1, PANX2, PARM1, PCSK1, PIK3R1, PIP4K2C, PTPN5, RASD2, RASGRF1, RBFOX3, SDHB, SEMA7A, SLC3A1, SLC4A10, SRPK2, SRSF5, STAC2, SUGP2, SYNJ1, TCEAL6, TMEM145, UBL4A, UNC5A, VAMP1, WASL, ZBTB4, ZNF365, ZYX",-0.16892643679752,0.999426047058156,0.999937086854872,0.999,1
infant_V1C,"infant - primary visual cortex (striate cortex, area V1/17)",47,"ARC, ARPP21, ASTN1, BCL2L1, CADM2, CCDC106, CD47, CDH13, CIC, CPNE6, CRY2, DBP, DLGAP3, DUSP8, DVL1, EIF4G1, EPHA4, FAM19A1, FLYWCH2, GABRB2, ICAM5, ID1, KIAA1107, LANCL2, MEF2D, MGAT5B, MLST8, NUMBL, PITPNM1, PPFIA3, PRRT1, R3HDM1, RASGRF1, RASL10B, RBFOX3, RND1, SCAF1, SEMA7A, SHANK1, SLC29A4, SSBP4, TIMM13, TMEM151B, TMEM38A, TRIM44, TWF2, WDR13",-0.148179706373605,0.999937086854872,0.999937086854872,1,1
